gateway_transaction_id,order_id,amount_in_cents,currency,status,method,email,contact,error_code,error_description,created_at_timestamp
pay_Gz8x1000,order_Odx1000,17588,INR,captured,netbanking,user1000@example.com,+91987651000,,,1788253200
pay_Gz8x1001,order_Odx1001,111358,INR,captured,card,user1001@example.com,+91987651001,,,1788254700
pay_Gz8x1002,order_Odx1002,35666,INR,captured,card,user1002@example.com,+91987651002,,,1788256200
pay_Gz8x1003,order_Odx1003,63508,INR,captured,wallet,user1003@example.com,+91987651003,,,1788257700
pay_Gz8x1004,order_Odx1004,121067,INR,captured,wallet,user1004@example.com,+91987651004,,,1788259200
pay_Gz8x1005,order_Odx1005,14819,INR,captured,card,user1005@example.com,+91987651005,,,1788260700
pay_Gz8x1006,order_Odx1006,7473,INR,captured,wallet,user1006@example.com,+91987651006,,,1788262200
pay_Gz8x1007,order_Odx1007,83254,INR,captured,netbanking,user1007@example.com,+91987651007,,,1788263700
pay_Gz8x1008,order_Odx1008,34957,INR,captured,netbanking,user1008@example.com,+91987651008,,,1788265200
pay_Gz8x1009,order_Odx1009,42418,INR,captured,netbanking,user1009@example.com,+91987651009,,,1788266700
pay_Gz8x1010,order_Odx1010,105571,INR,captured,card,user1010@example.com,+91987651010,,,1788268200
pay_Gz8x1011,order_Odx1011,25347,INR,captured,wallet,user1011@example.com,+91987651011,,,1788269700
pay_Gz8x1012,order_Odx1012,33723,INR,captured,netbanking,user1012@example.com,+91987651012,,,1788271200
pay_Gz8x1013,order_Odx1013,60774,INR,captured,card,user1013@example.com,+91987651013,,,1788272700
pay_Gz8x1014,order_Odx1014,98660,INR,captured,wallet,user1014@example.com,+91987651014,,,1788274200
pay_Gz8x1015,order_Odx1015,84644,INR,captured,netbanking,user1015@example.com,+91987651015,,,1788275700
pay_Gz8x1016,order_Odx1016,33679,INR,captured,upi,user1016@example.com,+91987651016,,,1788277200
pay_Gz8x1017,order_Odx1017,17338,INR,captured,upi,user1017@example.com,+91987651017,,,1788278700
pay_Gz8x1018,order_Odx1018,149422,INR,captured,netbanking,user1018@example.com,+91987651018,,,1788280200
pay_Gz8x1019,order_Odx1019,18068,INR,captured,netbanking,user1019@example.com,+91987651019,,,1788281700
pay_Gz8x1020,order_Odx1020,1484,INR,captured,netbanking,user1020@example.com,+91987651020,,,1788283200
pay_Gz8x1021,order_Odx1021,96203,INR,captured,upi,user1021@example.com,+91987651021,,,1788284700
pay_Gz8x1022,order_Odx1022,138443,INR,captured,card,user1022@example.com,+91987651022,,,1788286200
pay_Gz8x1023,order_Odx1023,131930,INR,captured,netbanking,user1023@example.com,+91987651023,,,1788287700
pay_Gz8x1024,order_Odx1024,13762,INR,captured,wallet,user1024@example.com,+91987651024,,,1788289200
pay_Gz8x1025,order_Odx1025,20130,INR,captured,wallet,user1025@example.com,+91987651025,,,1788290700
pay_Gz8x1026,order_Odx1026,139408,INR,captured,upi,user1026@example.com,+91987651026,,,1788292200
pay_Gz8x1027,order_Odx1027,66277,INR,captured,wallet,user1027@example.com,+91987651027,,,1788293700
pay_Gz8x1028,order_Odx1028,88658,INR,captured,upi,user1028@example.com,+91987651028,,,1788295200
pay_Gz8x1029,order_Odx1029,9772,INR,captured,card,user1029@example.com,+91987651029,,,1788296700
pay_Gz8x1030,order_Odx1030,42493,INR,captured,wallet,user1030@example.com,+91987651030,,,1788298200
pay_Gz8x1031,order_Odx1031,71428,INR,captured,wallet,user1031@example.com,+91987651031,,,1788299700
pay_Gz8x1032,order_Odx1032,53790,INR,captured,wallet,user1032@example.com,+91987651032,,,1788301200
pay_Gz8x1033,order_Odx1033,147641,INR,captured,card,user1033@example.com,+91987651033,,,1788302700
pay_Gz8x1034,order_Odx1034,17281,INR,captured,upi,user1034@example.com,+91987651034,,,1788304200
pay_Gz8x1035,order_Odx1035,42503,INR,captured,upi,user1035@example.com,+91987651035,,,1788305700
pay_Gz8x1036,order_Odx1036,98170,INR,captured,card,user1036@example.com,+91987651036,,,1788307200
pay_Gz8x1037,order_Odx1037,61555,INR,captured,wallet,user1037@example.com,+91987651037,,,1788308700
pay_Gz8x1038,order_Odx1038,57466,INR,captured,wallet,user1038@example.com,+91987651038,,,1788310200
pay_Gz8x1039,order_Odx1039,64028,INR,captured,wallet,user1039@example.com,+91987651039,,,1788311700
pay_Gz8x1040,order_Odx1040,81787,INR,captured,netbanking,user1040@example.com,+91987651040,,,1788313200
pay_Gz8x1041,order_Odx1041,80138,INR,captured,card,user1041@example.com,+91987651041,,,1788314700
pay_Gz8x1042,order_Odx1042,11126,INR,captured,upi,user1042@example.com,+91987651042,,,1788316200
pay_Gz8x1043,order_Odx1043,87259,INR,captured,card,user1043@example.com,+91987651043,,,1788317700
pay_Gz8x1044,order_Odx1044,78895,INR,captured,netbanking,user1044@example.com,+91987651044,,,1788319200
pay_Gz8x1045,order_Odx1045,59972,INR,captured,netbanking,user1045@example.com,+91987651045,,,1788320700
pay_Gz8x1046,order_Odx1046,93553,INR,captured,card,user1046@example.com,+91987651046,,,1788322200
pay_Gz8x1047,order_Odx1047,140056,INR,captured,card,user1047@example.com,+91987651047,,,1788323700
pay_Gz8x1048,order_Odx1048,81939,INR,captured,netbanking,user1048@example.com,+91987651048,,,1788325200
pay_Gz8x1049,order_Odx1049,2166,INR,captured,netbanking,user1049@example.com,+91987651049,,,1788326700
pay_Gz8x1050,order_Odx1050,133567,INR,captured,upi,user1050@example.com,+91987651050,,,1788328200
pay_Gz8x1051,order_Odx1051,31336,INR,captured,netbanking,user1051@example.com,+91987651051,,,1788329700
pay_Gz8x1052,order_Odx1052,95508,INR,failed,netbanking,user1052@example.com,+91987651052,BAD_REQUEST_ERROR,Payment failed due to insufficient funds or timeout.,1788331200
pay_Gz8x1053,order_Odx1053,20492,INR,captured,netbanking,user1053@example.com,+91987651053,,,1788332700
pay_Gz8x1054,order_Odx1054,84575,INR,captured,card,user1054@example.com,+91987651054,,,1788334200
pay_Gz8x1055,order_Odx1055,125355,INR,captured,upi,user1055@example.com,+91987651055,,,1788335700
pay_Gz8x1056,order_Odx1056,145857,INR,captured,card,user1056@example.com,+91987651056,,,1788337200
pay_Gz8x1057,order_Odx1057,53698,INR,captured,wallet,user1057@example.com,+91987651057,,,1788338700
pay_Gz8x1058,order_Odx1058,132331,INR,captured,card,user1058@example.com,+91987651058,,,1788340200
pay_Gz8x1059,order_Odx1059,120533,INR,captured,upi,user1059@example.com,+91987651059,,,1788341700
pay_Gz8x1060,order_Odx1060,130953,INR,captured,wallet,user1060@example.com,+91987651060,,,1788343200
pay_Gz8x1061,order_Odx1061,46473,INR,failed,upi,user1061@example.com,+91987651061,BAD_REQUEST_ERROR,Payment failed due to insufficient funds or timeout.,1788344700
pay_Gz8x1062,order_Odx1062,60371,INR,captured,netbanking,user1062@example.com,+91987651062,,,1788346200
pay_Gz8x1063,order_Odx1063,76901,INR,captured,netbanking,user1063@example.com,+91987651063,,,1788347700
pay_Gz8x1064,order_Odx1064,87508,INR,captured,netbanking,user1064@example.com,+91987651064,,,1788349200
pay_Gz8x1065,order_Odx1065,118178,INR,captured,wallet,user1065@example.com,+91987651065,,,1788350700
pay_Gz8x1066,order_Odx1066,29322,INR,failed,card,user1066@example.com,+91987651066,BAD_REQUEST_ERROR,Payment failed due to insufficient funds or timeout.,1788352200
pay_Gz8x1067,order_Odx1067,81229,INR,captured,upi,user1067@example.com,+91987651067,,,1788353700
pay_Gz8x1068,order_Odx1068,93850,INR,captured,card,user1068@example.com,+91987651068,,,1788355200
pay_Gz8x1069,order_Odx1069,60958,INR,captured,netbanking,user1069@example.com,+91987651069,,,1788356700
pay_Gz8x1070,order_Odx1070,101920,INR,captured,upi,user1070@example.com,+91987651070,,,1788358200
pay_Gz8x1071,order_Odx1071,1060,INR,captured,netbanking,user1071@example.com,+91987651071,,,1788359700
pay_Gz8x1072,order_Odx1072,49015,INR,captured,wallet,user1072@example.com,+91987651072,,,1788361200
pay_Gz8x1073,order_Odx1073,135276,INR,captured,upi,user1073@example.com,+91987651073,,,1788362700
pay_Gz8x1074,order_Odx1074,50943,INR,captured,upi,user1074@example.com,+91987651074,,,1788364200
pay_Gz8x1075,order_Odx1075,7886,INR,captured,wallet,user1075@example.com,+91987651075,,,1788365700
pay_Gz8x1076,order_Odx1076,133034,INR,captured,upi,user1076@example.com,+91987651076,,,1788367200
pay_Gz8x1077,order_Odx1077,103456,INR,captured,card,user1077@example.com,+91987651077,,,1788368700
pay_Gz8x1078,order_Odx1078,8483,INR,captured,upi,user1078@example.com,+91987651078,,,1788370200
pay_Gz8x1079,order_Odx1079,80139,INR,captured,netbanking,user1079@example.com,+91987651079,,,1788371700
pay_Gz8x1080,order_Odx1080,136121,INR,captured,wallet,user1080@example.com,+91987651080,,,1788373200
pay_Gz8x1081,order_Odx1081,113015,INR,captured,netbanking,user1081@example.com,+91987651081,,,1788374700
pay_Gz8x1082,order_Odx1082,12545,INR,captured,netbanking,user1082@example.com,+91987651082,,,1788376200
pay_Gz8x1083,order_Odx1083,23474,INR,captured,wallet,user1083@example.com,+91987651083,,,1788377700
pay_Gz8x1084,order_Odx1084,50301,INR,captured,wallet,user1084@example.com,+91987651084,,,1788379200
pay_Gz8x1085,order_Odx1085,135821,INR,captured,card,user1085@example.com,+91987651085,,,1788380700
pay_Gz8x1086,order_Odx1086,59108,INR,captured,wallet,user1086@example.com,+91987651086,,,1788382200
pay_Gz8x1087,order_Odx1087,134774,INR,captured,wallet,user1087@example.com,+91987651087,,,1788383700
pay_Gz8x1088,order_Odx1088,51083,INR,captured,wallet,user1088@example.com,+91987651088,,,1788385200
pay_Gz8x1089,order_Odx1089,80584,INR,captured,wallet,user1089@example.com,+91987651089,,,1788386700
pay_Gz8x1090,order_Odx1090,64863,INR,captured,wallet,user1090@example.com,+91987651090,,,1788388200
pay_Gz8x1091,order_Odx1091,68750,INR,captured,netbanking,user1091@example.com,+91987651091,,,1788389700
pay_Gz8x1092,order_Odx1092,13204,INR,captured,card,user1092@example.com,+91987651092,,,1788391200
pay_Gz8x1093,order_Odx1093,97871,INR,captured,card,user1093@example.com,+91987651093,,,1788392700
pay_Gz8x1094,order_Odx1094,36543,INR,captured,wallet,user1094@example.com,+91987651094,,,1788394200
pay_Gz8x1095,order_Odx1095,39180,INR,captured,netbanking,user1095@example.com,+91987651095,,,1788395700
pay_Gz8x1096,order_Odx1096,18065,INR,captured,upi,user1096@example.com,+91987651096,,,1788397200
pay_Gz8x1097,order_Odx1097,136296,INR,captured,wallet,user1097@example.com,+91987651097,,,1788398700
pay_Gz8x1098,order_Odx1098,103902,INR,captured,upi,user1098@example.com,+91987651098,,,1788400200
pay_Gz8x1099,order_Odx1099,19037,INR,captured,card,user1099@example.com,+91987651099,,,1788401700
