ledger_entry_id,gateway_transaction_id,account_type,entry_type,amount,booked_at
led_Lgr1x3001,pay_Gz8x1001,merchant_payout_pool,credit,38261,02-09-2026 14:00
led_Lgr1x3002,pay_Gz8x1002,merchant_payout_pool,credit,80161,02-09-2026 16:00
led_Lgr1x3003,pay_Gz8x1003,merchant_payout_pool,credit,45481,02-09-2026 18:00
led_Lgr1x3004,pay_Gz8x1004,merchant_payout_pool,credit,32018,02-09-2026 20:00
led_Lgr1x3005,pay_Gz8x1005,merchant_payout_pool,credit,17900,02-09-2026 22:00
led_Lgr1x3006,pay_Gz8x1006,merchant_payout_pool,credit,65726,03-09-2026 00:00
led_Lgr1x3007,pay_Gz8x1007,merchant_payout_pool,credit,16556,03-09-2026 02:00
led_Lgr1x3008,pay_Gz8x1008,merchant_payout_pool,credit,117144,03-09-2026 04:00
led_Lgr1x3009,pay_Gz8x1009,merchant_payout_pool,credit,80970,03-09-2026 06:00
led_Lgr1x3010,pay_Gz8x1010,merchant_payout_pool,credit,117936,03-09-2026 08:00
led_Lgr1x3011,pay_Gz8x1011,merchant_payout_pool,credit,49561,03-09-2026 10:00
led_Lgr1x3013,pay_Gz8x1013,merchant_payout_pool,credit,34519,03-09-2026 14:00
led_Lgr1x3014,pay_Gz8x1014,merchant_payout_pool,credit,77471,03-09-2026 16:00
led_Lgr1x3015,pay_Gz8x1015,merchant_payout_pool,credit,127358,03-09-2026 18:00
led_Lgr1x3016,pay_Gz8x1016,merchant_payout_pool,credit,106653,03-09-2026 20:00
led_Lgr1x3017,pay_Gz8x1017,merchant_payout_pool,credit,84805,03-09-2026 22:00
led_Lgr1x3018,pay_Gz8x1018,merchant_payout_pool,credit,58982,04-09-2026 00:00
led_Lgr1x3019,pay_Gz8x1019,merchant_payout_pool,credit,68098,04-09-2026 02:00
led_Lgr1x3020,pay_Gz8x1020,merchant_payout_pool,credit,69349,04-09-2026 04:00
led_Lgr1x3022,pay_Gz8x1022,merchant_payout_pool,credit,103146,04-09-2026 08:00
led_Lgr1x3023,pay_Gz8x1023,merchant_payout_pool,credit,100699,04-09-2026 10:00
led_Lgr1x3024,pay_Gz8x1024,merchant_payout_pool,credit,78100,04-09-2026 12:00
led_Lgr1x3026,pay_Gz8x1026,merchant_payout_pool,credit,72426,04-09-2026 16:00
led_Lgr1x3027,pay_Gz8x1027,merchant_payout_pool,credit,106888,04-09-2026 18:00
led_Lgr1x3028,pay_Gz8x1028,merchant_payout_pool,credit,65976,04-09-2026 20:00
led_Lgr1x3029,pay_Gz8x1029,merchant_payout_pool,credit,68391,04-09-2026 22:00
led_Lgr1x3030,pay_Gz8x1030,merchant_payout_pool,credit,112445,05-09-2026 00:00
led_Lgr1x3031,pay_Gz8x1031,merchant_payout_pool,credit,63766,05-09-2026 02:00
led_Lgr1x3032,pay_Gz8x1032,merchant_payout_pool,credit,90309,05-09-2026 04:00
led_Lgr1x3034,pay_Gz8x1034,merchant_payout_pool,credit,127212,05-09-2026 08:00
led_Lgr1x3035,pay_Gz8x1035,merchant_payout_pool,credit,45504,05-09-2026 10:00
led_Lgr1x3036,pay_Gz8x1036,merchant_payout_pool,credit,77016,05-09-2026 12:00
led_Lgr1x3037,pay_Gz8x1037,merchant_payout_pool,credit,111994,05-09-2026 14:00
led_Lgr1x3039,pay_Gz8x1039,merchant_payout_pool,credit,33034,05-09-2026 18:00
led_Lgr1x3040,pay_Gz8x1040,merchant_payout_pool,credit,48885,05-09-2026 20:00
led_Lgr1x3041,pay_Gz8x1041,merchant_payout_pool,credit,117819,05-09-2026 22:00
led_Lgr1x3043,pay_Gz8x1043,merchant_payout_pool,credit,129566,06-09-2026 02:00
led_Lgr1x3044,pay_Gz8x1044,merchant_payout_pool,credit,12703,06-09-2026 04:00
led_Lgr1x3045,pay_Gz8x1045,merchant_payout_pool,credit,78061,06-09-2026 06:00
led_Lgr1x3047,pay_Gz8x1047,merchant_payout_pool,credit,125898,06-09-2026 10:00
led_Lgr1x3048,pay_Gz8x1048,merchant_payout_pool,credit,77181,06-09-2026 12:00
led_Lgr1x3049,pay_Gz8x1049,merchant_payout_pool,credit,139710,06-09-2026 14:00
led_Lgr1x3050,pay_Gz8x1050,merchant_payout_pool,credit,86154,06-09-2026 16:00
led_Lgr1x3051,pay_Gz8x1051,merchant_payout_pool,credit,60678,06-09-2026 18:00
led_Lgr1x3052,pay_Gz8x1052,merchant_payout_pool,credit,51115,06-09-2026 20:00
led_Lgr1x3053,pay_Gz8x1053,merchant_payout_pool,credit,9911,06-09-2026 22:00
led_Lgr1x3054,pay_Gz8x1054,merchant_payout_pool,credit,134828,07-09-2026 00:00
led_Lgr1x3055,pay_Gz8x1055,merchant_payout_pool,credit,102672,07-09-2026 02:00
led_Lgr1x3056,pay_Gz8x1056,merchant_payout_pool,credit,24591,07-09-2026 04:00
led_Lgr1x3057,pay_Gz8x1057,merchant_payout_pool,credit,29923,07-09-2026 06:00
led_Lgr1x3058,pay_Gz8x1058,merchant_payout_pool,credit,134158,07-09-2026 08:00
led_Lgr1x3059,pay_Gz8x1059,merchant_payout_pool,credit,41954,07-09-2026 10:00
led_Lgr1x3060,pay_Gz8x1060,merchant_payout_pool,credit,131417,07-09-2026 12:00
led_Lgr1x3061,pay_Gz8x1061,merchant_payout_pool,credit,77608,07-09-2026 14:00
led_Lgr1x3062,pay_Gz8x1062,merchant_payout_pool,credit,118070,07-09-2026 16:00
led_Lgr1x3063,pay_Gz8x1063,merchant_payout_pool,credit,61251,07-09-2026 18:00
led_Lgr1x3065,pay_Gz8x1065,merchant_payout_pool,credit,125325,07-09-2026 22:00
led_Lgr1x3066,pay_Gz8x1066,merchant_payout_pool,credit,67277,08-09-2026 00:00
led_Lgr1x3067,pay_Gz8x1067,merchant_payout_pool,credit,15149,08-09-2026 02:00
led_Lgr1x3068,pay_Gz8x1068,merchant_payout_pool,credit,68664,08-09-2026 04:00
led_Lgr1x3069,pay_Gz8x1069,merchant_payout_pool,credit,11606,08-09-2026 06:00
led_Lgr1x3070,pay_Gz8x1070,merchant_payout_pool,credit,24834,08-09-2026 08:00
led_Lgr1x3071,pay_Gz8x1071,merchant_payout_pool,credit,17805,08-09-2026 10:00
led_Lgr1x3072,pay_Gz8x1072,merchant_payout_pool,credit,141366,08-09-2026 12:00
led_Lgr1x3073,pay_Gz8x1073,merchant_payout_pool,credit,134011,08-09-2026 14:00
led_Lgr1x3074,pay_Gz8x1074,merchant_payout_pool,credit,43631,08-09-2026 16:00
led_Lgr1x3075,pay_Gz8x1075,merchant_payout_pool,credit,130747,08-09-2026 18:00
led_Lgr1x3076,pay_Gz8x1076,merchant_payout_pool,credit,113954,08-09-2026 20:00
led_Lgr1x3079,pay_Gz8x1079,merchant_payout_pool,credit,23629,09-09-2026 02:00
led_Lgr1x3080,pay_Gz8x1080,merchant_payout_pool,credit,112819,09-09-2026 04:00
led_Lgr1x3081,pay_Gz8x1081,merchant_payout_pool,credit,73410,09-09-2026 06:00
led_Lgr1x3082,pay_Gz8x1082,merchant_payout_pool,credit,124590,09-09-2026 08:00
led_Lgr1x3083,pay_Gz8x1083,merchant_payout_pool,credit,56729,09-09-2026 10:00
led_Lgr1x3084,pay_Gz8x1084,merchant_payout_pool,credit,73705,09-09-2026 12:00
led_Lgr1x3085,pay_Gz8x1085,merchant_payout_pool,credit,34825,09-09-2026 14:00
led_Lgr1x3086,pay_Gz8x1086,merchant_payout_pool,credit,13542,09-09-2026 16:00
led_Lgr1x3088,pay_Gz8x1088,merchant_payout_pool,credit,132972,09-09-2026 20:00
led_Lgr1x3089,pay_Gz8x1089,merchant_payout_pool,credit,24772,09-09-2026 22:00
led_Lgr1x3091,pay_Gz8x1091,merchant_payout_pool,credit,126227,10-09-2026 02:00
led_Lgr1x3092,pay_Gz8x1092,merchant_payout_pool,credit,134331,10-09-2026 04:00
led_Lgr1x3093,pay_Gz8x1093,merchant_payout_pool,credit,85710,10-09-2026 06:00
led_Lgr1x3094,pay_Gz8x1094,merchant_payout_pool,credit,25367,10-09-2026 08:00
led_Lgr1x3095,pay_Gz8x1095,merchant_payout_pool,credit,22599,10-09-2026 10:00
led_Lgr1x3096,pay_Gz8x1096,merchant_payout_pool,credit,138473,10-09-2026 12:00
led_Lgr1x3097,pay_Gz8x1097,merchant_payout_pool,credit,24323,10-09-2026 14:00
led_Lgr1x3098,pay_Gz8x1098,merchant_payout_pool,credit,57327,10-09-2026 16:00
led_Lgr1x3099,pay_Gz8x1099,merchant_payout_pool,credit,27159,10-09-2026 18:00
led_Lgr1x3100,pay_Gz8x1100,merchant_payout_pool,credit,40450,10-09-2026 20:00
